word,count,patches
aah,1,1
aaron,2,1
abandon,1,1
able,26,8
absolute,10,4
absolutely,51,8
absorb,1,1
absurd,1,1
accept,1,1
acceptable,2,1
accidentally,2,2
account,6,4
accumulate,3,2
accurate,1,1
accurately,1,1
accustomed,1,1
acetate,2,1
achatz,1,1
ache,1,1
achieve,1,1
achiever,1,1
acknowledgment,2,1
acoustic,1,1
acquaintance,1,1
acre,3,1
acronym,1,1
across,7,5
act,3,2
action,2,2
activity,3,3
actual,4,4
actually,96,8
acutely,1,1
ad,2,2
adam,1,1
adams,1,1
adapt,1,1
adapter,3,1
adaptor,4,1
add,6,3
additional,3,2
admit,5,1
adorable,1,1
adult,3,2
advance,3,2
advice,2,2
advise,2,2
aeroplane,2,2
aesthetic,5,3
aesthetically,2,2
affair,1,1
affection,2,1
affectionate,1,1
afford,2,2
afloat,1,1
afraid,3,3
afternoon,3,2
afterwards,6,5
age,16,7
agenda,1,1
agent,1,1
aggressive,1,1
aggressively,1,1
aghast,1,1
ago,20,8
agree,15,7
agreeance,1,1
agreement,1,1
aguilera,1,1
ah,24,7
ahead,2,2
aids,2,1
air,10,4
airbus,1,1
airport,7,3
ajar,1,1
al,3,1
alana,2,1
alanna,2,2
alas,1,1
album,1,1
alert,1,1
alex,6,2
alien,3,1
alive,1,1
allen,1,1
allocation,1,1
allow,10,5
almost,18,5
alone,5,5
along,6,3
alpaca,1,1
alpha,2,2
already,14,7
alright,20,5
also,72,8
alternative,2,2
although,2,2
always,69,8
amanda,4,4
amaze,1,1
amazing,29,8
ambition,1,1
ambitious,1,1
american,1,1
amiss,1,1
amongst,1,1
amount,9,6
amperage,2,1
amplification,1,1
ana,1,1
analysis,1,1
andrew,1,1
andriani,1,1
android,1,1
angel,8,1
anger,2,2
angle,5,4
animal,4,3
animation,1,1
ankle,2,1
anna,3,3
annoy,3,1
annoying,2,2
another,27,8
answer,17,6
answering,1,1
ant,1,1
antagonism,1,1
antarctica,2,1
antastic,1,1
anticipate,2,2
anticipation,1,1
anxiety,2,2
anxious,2,2
anymore,5,2
anyone,22,7
anything,28,7
anything_else,10,5
anytime,4,2
anyway,23,7
anywhere,2,2
apart,3,3
apartment,2,2
apologetic,1,1
apologize,1,1
apology,2,1
app,7,4
apparently,8,5
appeal,8,4
appealing,1,1
applause,1,1
apple,13,3
appliance,2,1
apply,2,1
appointment,2,2
appraisal,1,1
appreciate,7,3
apprehensive,1,1
apprentice,2,1
approach,9,5
appropriate,2,1
appropriately,1,1
approval,1,1
approximately,2,1
arctic,2,1
arctica,1,1
area,5,5
argentina,1,1
argue,1,1
argument,2,2
argumentative,1,1
arid,1,1
arm,5,3
around,68,8
arrange,1,1
arrangement,1,1
array,1,1
arrive,11,4
arrogant,6,3
art,2,2
articulate,2,1
artist,2,2
artwork,1,1
ashamed,1,1
asian,2,1
asic,1,1
aside,3,3
ask,79,8
asleep,1,1
asmr,2,1
asphalt,1,1
assassination,1,1
assess,3,2
asshole,2,1
assistance,1,1
assume,4,3
asterisk,4,1
asterix,3,1
astronomy,3,1
astute,1,1
asunder,1,1
ate,1,1
athlete,2,1
atop,1,1
attach,1,1
attached,1,1
attack,2,1
attempt,3,2
attend,5,4
attention,7,4
attitude,4,3
audibly,1,1
audience,1,1
audio,2,2
audit,1,1
august,2,1
australia,4,3
australian,8,5
authentic,1,1
authority,2,1
automate,1,1
automatic,1,1
automatically,1,1
autonomous,1,1
availability,1,1
available,3,3
average,2,1
avocado,4,2
avoid,5,2
award,2,2
awarded,1,1
awarding,1,1
aware,6,5
away,42,8
awesome,21,5
awful,2,2
awfully,3,1
awkward,5,1
awkwardly,2,2
az,1,1
babe,3,3
babri,1,1
babu,1,1
baby,11,6
bachelor,2,2
bachelorette,1,1
back,164,8
back_pocket,9,1
back_seat,6,2
background,3,2
backpack,3,2
backseat,6,3
backwards,1,1
bacteria,1,1
bad,38,7
bade,1,1
baffle,2,2
bag,31,4
bahama,1,1
bak,1,1
balance,3,3
balanced,1,1
balcony,2,1
baldboy,1,1
bali,1,1
ball,10,6
baloney,1,1
bamboo,4,1
bamboozle,1,1
ban,2,2
band,2,2
bang,3,2
banner,1,1
banter,1,1
bar,5,2
barbara,1,1
barber,1,1
bare,1,1
barefoot,5,2
barely,1,1
barina,1,1
bark,1,1
barrel,2,2
barrier,1,1
base,11,3
bash,1,1
basic,1,1
basically,21,7
basis,2,2
basket,1,1
bat,3,2
batchwork,1,1
bates,1,1
bath,1,1
bathroom,7,2
battery,1,1
bay,1,1
beach,1,1
beak,1,1
bean,1,1
beanie,5,2
bear,5,2
beard,4,3
beard_hair,6,1
beat,5,4
beautiful,14,6
beauty,1,1
beckon,1,1
become,18,6
bed,40,7
bedroom,17,8
bedspread,1,1
bee,1,1
beer,4,3
beeswax,4,1
beforehand,2,2
begin,7,5
behalf,2,2
behavior,1,1
behind,12,5
beijing,1,1
being,1,1
believe,9,6
bell,6,2
belly,1,1
belong,2,1
belt,4,1
ben,1,1
bench,3,1
bender,17,1
beneath,4,2
benefit,1,1
benign,1,1
berk,1,1
beside,4,4
best,5,3
best_the,4,3
best_thing,5,4
bet,3,3
beth,1,1
bett,1,1
better,4,3
betty,4,1
beyond,3,3
biceps,1,1
bid,1,1
big,116,8
big_prize,14,1
bike,1,1
bill,9,3
billy,1,1
bin,3,2
bing,1,1
bircher,1,1
bird,2,1
birthday,16,5
bit,154,8
bite,14,4
biting,1,1
bizarre,2,1
black,11,5
bladder,1,1
blade,3,1
blah,1,1
blair,1,1
blame,1,1
blanket,11,7
blast,1,1
bless,2,1
blind,1,1
blink,4,1
bliss,1,1
block,6,3
blocks,1,1
blood,1,1
bloody,16,7
bloom,1,1
blow,10,6
blue,6,3
blunt,1,1
board,10,3
board_game,4,2
board_games,3,1
boat,1,1
body,7,6
boeing,2,1
boil,4,2
boiling,2,1
bola,1,1
bolivia,1,1
bolivian,1,1
bolo,1,1
bolognese,3,1
bombshell,1,1
bond,3,2
bone,15,6
bonus,6,3
book,6,3
books,1,1
boot,5,1
bored,1,1
boring,2,2
boss,4,2
bother,2,2
bottle,6,4
bottom,10,4
bounce,2,2
bouncing,1,1
bound,1,1
boutique,1,1
bowl,66,4
bowling,1,1
box,20,6
boy,27,8
boyfriend,1,1
bracket,3,2
bradley,1,1
bragging,1,1
brain,3,2
braise,1,1
brake,2,1
brand,4,4
branding,1,1
brazil,1,1
brb,1,1
bread,8,2
break,50,8
breakfast,7,2
breath,6,2
breathy,1,1
breed,1,1
breeze,1,1
breyer,1,1
bribe,1,1
brick,2,2
bridget,3,3
bridgette,1,1
brief,1,1
bright,2,1
brigid,1,1
brilliantly,1,1
bring,40,8
brittle,1,1
brizzy,1,1
bro,1,1
broad,6,5
broaden,1,1
broccoli,1,1
broken,1,1
brother,9,2
broto,1,1
brown,2,2
brush,7,2
bryce,1,1
bubble,3,1
bubbly,1,1
buck,11,7
bucket,2,2
bud,3,1
buddhist,2,1
buddy,1,1
bug,1,1
build,14,6
building,1,1
bullet,1,1
bully,2,1
bum,6,1
bump,7,4
bump_bump,9,3
bumper,5,2
bunch,5,3
burger,2,1
burgess,2,1
burn,6,1
burp,1,1
burped,1,1
bus,1,1
bush,1,1
business,15,5
businessman,2,2
bust,1,1
busta,1,1
busy,4,3
butter,10,5
button,13,4
buy,22,6
buyer,1,1
buying,2,2
buzz,3,2
buzzer,1,1
bye,5,4
cable,7,2
cafe,14,4
caitlyn,1,1
cake,3,2
calculate,1,1
calculation,2,1
calendar,1,1
call,93,8
calorie,2,1
calve,1,1
cam,1,1
camaraderie,1,1
camera,9,5
camp,2,1
camping,2,2
can,9,4
canada,1,1
cancel,5,3
candle,2,2
canopy,1,1
canvass,2,2
capella,2,1
capital,3,1
capsicum,3,1
captain,1,1
caption,3,1
capture,1,1
capulet,3,1
car,25,6
carbohydrate,1,1
card,12,5
care,12,5
career,1,1
careful,4,3
careless,1,1
caricature,1,1
caritas,1,1
carpet,3,1
carriage,3,1
carrier,1,1
carry,3,2
cartoon,2,2
carving,1,1
case,11,8
casual,1,1
cat,7,2
catastrophic,1,1
catch,12,5
catechol,1,1
categorization,1,1
caterpillars,2,1
cause,2,2
caveman,1,1
cease,1,1
celebrate,2,1
celebration,6,1
celebratory,1,1
celebre,1,1
celestia,1,1
celsius,1,1
center,1,1
centimeter,1,1
centric,1,1
century,2,1
cereal,2,2
ceremonial,1,1
certain,4,3
certainly,2,2
certificate,1,1
chai,1,1
chain,1,1
chaining,4,1
chair,1,1
chalkie,1,1
challenge,8,2
chance,7,4
change,17,6
channel,2,2
chaos,2,2
character,9,4
charge,13,2
charger,3,1
charlie,1,1
chart,2,1
chat,81,8
chatter,2,1
cheap,8,5
cheaply,1,1
check,29,7
checking,3,2
checkout,2,1
cheek,1,1
cheer,2,2
cheese,2,2
chef,9,2
cheltenham,1,1
chernobyl,1,1
chest,1,1
chi,1,1
chia,1,1
chickadee,1,1
chicken,11,2
child,9,2
childhood,3,1
chili,1,1
chin,1,1
china,1,1
chinese,2,1
chip,17,2
chit,1,1
chitchat,1,1
chocolate,2,1
choice,6,4
choose,11,7
chop,17,3
chopping,1,1
chris,3,2
christian,233,8
christian_goodbye,6,6
christiane,2,2
christianity,1,1
christians,9,5
christina,1,1
christmas,2,1
chuck,16,3
chunk,3,3
chunky,1,1
church,1,1
cinema,2,2
circle,2,1
circular,1,1
circulation,1,1
circumstance,1,1
circumvent,1,1
circus,2,1
citizen,1,1
city,6,4
claim,2,2
claire,1,1
clarify,4,1
clash,2,1
classic,10,5
classify,1,1
clause,2,1
clay,1,1
clean,32,4
cleaning,7,3
cleanliness,2,1
clear,22,7
clearer,1,1
clearly,4,4
clever,1,1
click,8,3
client,1,1
climate,1,1
climb,1,1
climber,1,1
clip,4,2
clitter,1,1
clock,11,3
clogging,1,1
close,16,6
closed,1,1
closely,1,1
closer_look,9,8
clothe,5,3
cloudy,1,1
club,2,2
cluck,2,1
clueless,1,1
co,2,2
coach,1,1
coaster,2,1
cob,1,1
code,2,1
coffee,6,4
cogent,1,1
cognition,1,1
coincide,1,1
cold,32,5
colder,1,1
colleague,3,3
collect,1,1
collection,1,1
colleen,3,1
collingwood,1,1
colon,1,1
color,13,5
colored,4,3
colorful,4,2
colour,3,2
column,1,1
com,4,2
combat,2,2
combi,1,1
combination,1,1
combine,1,1
come,133,8
come_back,18,6
comedic,1,1
comedy,9,6
comedy_festival,7,1
comfort,3,2
comfortable,14,4
comfortably,2,1
comfy,3,1
comma,8,1
commas,4,1
comment,24,5
commission,1,1
commit,1,1
commitment,1,1
common,9,5
commonly,1,1
communal,5,1
communicate,2,1
communicating,1,1
communication,1,1
community,1,1
company,18,7
comparable,1,1
compare,4,4
compared,1,1
compel,2,2
compelled,1,1
compete,1,1
competition,10,4
competitive,2,1
complain,1,1
complement,1,1
complete,4,2
completely,24,7
complexion,1,1
complexity,1,1
component,2,1
computer,8,3
con,2,2
concede,1,1
concentrate,1,1
concept,6,4
concern,7,2
concerned,4,3
concrete,3,2
concur,2,1
condensation,1,1
condense,2,2
condition,5,3
confectionary,1,1
confer,2,1
conference,3,1
conferencing,2,1
conferred,1,1
configure,1,1
confirm,2,2
confused,1,1
congratulation,4,3
conjecture,1,1
conjoin,1,1
connect,1,1
connection,1,1
connoisseur,1,1
connotation,1,1
conscience,1,1
conscious,7,5
consecutive,1,1
conserve,1,1
consider,15,5
consideration,4,3
considering,1,1
consistency,2,1
consistently,2,2
console,1,1
constantly,2,2
constitute,2,2
constraint,1,1
construct,2,2
consume,6,4
consumer,7,4
consumption,1,1
contact,10,2
contacted,1,1
container,5,1
contaminate,2,1
content,10,4
contestant,2,1
context,3,2
continually,1,1
continue,10,5
continuously,1,1
contract,1,1
contribute,4,1
contribution,2,2
control,5,5
convenience,1,1
convenient,1,1
conversation,34,5
conversely,1,1
convert,1,1
convey,2,2
conveyor,1,1
conviction,2,1
convinced,1,1
convincing,1,1
cook,10,5
cooked,3,1
cooking,1,1
cool,22,5
cooperative,4,1
coordinate,5,2
coordination,1,1
copy,4,2
copycat,4,4
copying,1,1
cord,4,2
core,2,2
corner,7,4
coronavirus,4,2
correct,12,3
correctly,2,1
correspond,1,1
cortney,1,1
cos,1,1
cosmetic,1,1
cost,7,3
couch,1,1
coughing,1,1
could,77,8
council,1,1
count,6,1
counterpoint,1,1
counting,1,1
country,4,2
couple,47,8
courier,1,1
course,19,7
cove,1,1
cover,23,7
covered,1,1
covert,2,2
cozy,9,2
crack,16,7
cracker,6,3
cracks,1,1
craft,1,1
craig,1,1
cram,1,1
crap,4,3
crappy,1,1
crash,1,1
crazy,9,5
creamy,1,1
create,1,1
creative,1,1
creature,1,1
credibility,1,1
credit,2,1
creep,1,1
creeper,1,1
creepy,2,2
creet,1,1
cricket,2,2
crime,1,1
crinkle,2,1
crisper,1,1
critical,2,2
criticism,1,1
critique,1,1
crockery,1,1
cross,1,1
crossed,8,7
crosshatch,1,1
crossing,2,2
crowd,1,1
crucially,1,1
crucian,1,1
cruel,1,1
crumb,1,1
crunch,3,2
crunchy,1,1
crust,1,1
cuisine,2,1
culmination,1,1
culture,3,3
cumberlage,1,1
cup,12,4
cupboard,3,1
curious,7,4
current,5,4
currently,9,5
curry,3,2
cursory,2,1
curve,1,1
cushion,4,3
custom,4,3
customer,6,3
cut,31,7
cute,4,2
cutlery,1,1
cutting,2,2
cuz,17,6
cyan,1,1
cycle,2,2
cyst,1,1
d,2,1
dad,18,7
daddy,1,1
daily,1,1
daily_habit,9,8
daisy,6,1
dalarna,1,1
damn,6,4
dan,1,1
dance,12,2
dancing,1,1
danger,1,1
dangerous,4,1
dangler,1,1
daniel,3,2
dark,6,2
darrel,1,1
darryl,1,1
daryl,6,2
dash,2,1
date,8,4
dawn,2,1
day,82,8
daylight,1,1
de,3,3
dead,1,1
deal,8,5
dealin,1,1
dean,1,1
dear,2,2
debt,1,1
decent,1,1
decide,18,8
decision,12,5
deck,2,2
declare,1,1
decoration,1,1
dedicated,1,1
dee,1,1
deep,4,3
deeply,3,3
defend,1,1
defense,1,1
defer,2,2
define,4,2
definitely,16,6
definition,1,1
defrost,3,1
degree,4,4
dehydrate,1,1
dejan,1,1
delay,4,3
delegate,1,1
delete,1,1
deliberately,1,1
delicate,2,2
delicious,5,3
deliver,6,3
delivery,5,2
demand,1,1
denim,5,1
dense,1,1
dent,1,1
deon,13,5
depart,1,1
department,1,1
depend,4,4
dependent,2,2
derail,1,1
derivative,1,1
describe,6,2
description,3,3
desert,2,1
deserve,1,1
design,4,4
desire,1,1
desk,10,4
desperate,3,2
desperately,3,3
dessert,9,1
destination,1,1
destroy,2,2
detach,1,1
detail,3,2
determine,3,2
develop,2,2
device,3,1
dexterity,1,1
dial,1,1
diary,1,1
dichotomous,1,1
dick,4,2
dictate,2,2
die,1,1
diet,5,4
difference,10,4
different,46,7
differently,2,2
difficult,10,5
dig,3,3
digest,1,1
digital,1,1
digitally,1,1
digitize,1,1
digitized,1,1
digits,1,1
dimmer,1,1
ding,6,1
dinner,18,6
dion,93,8
dione,1,1
dionne,8,5
direct,3,2
direction,1,1
directly,1,1
directory,1,1
dirt,1,1
dirty,10,4
disagree,4,3
disappointing,3,3
disarm,2,2
disaster,1,1
disclosure,1,1
disco,1,1
discomfort,1,1
disconcerting,2,1
discover,2,2
discreet,1,1
discuss,12,4
discussion,4,3
disease,2,1
disembodied,1,1
disgraceful,1,1
disgusting,3,2
dish,28,5
dishwasher,11,2
disintegrate,1,1
dislike,1,1
dismiss,1,1
dispenser,2,1
displace,1,1
disregard,1,1
dissipate,1,1
distance,1,1
distant,1,1
distinct,2,2
distinction,3,3
distinguish,1,1
distraction,2,1
ditch,2,1
dive,3,3
diversion,1,1
divider,1,1
diving,1,1
division,1,1
dj,1,1
dm,1,1
dms,1,1
do,28,7
doable,1,1
dock,4,1
doctor,5,2
document,1,1
dod,1,1
dodd,1,1
dog,8,3
doggy,1,1
dolan,1,1
doll,2,1
dollar,12,4
dolly,4,2
domestic,3,2
domestically,1,1
dominant,2,2
dominating,1,1
domino,1,1
donate,1,1
donation,2,1
done,1,1
dong,2,1
doob,1,1
door,22,6
door_open,8,3
dorito,1,1
dose,1,1
dot,2,2
dota,1,1
dotted,1,1
double,12,3
doubt,4,3
doughnut,1,1
douglas,2,1
download,2,1
downstairs,4,3
dozen,1,1
drain,1,1
dramatically,1,1
drank,1,1
draw,7,6
drawer,2,2
drawn,1,1
drawstre,2,1
drawstring,1,1
dream,4,2
dreamt,1,1
dress,11,3
dressed,1,1
dribble,1,1
dries,1,1
drink,28,7
drinker,1,1
drinking,4,3
drip,2,1
drive,15,5
driver,14,3
drop,27,6
dropping,3,2
drot,1,1
drought,1,1
drunk,2,2
dry,18,4
dryer,1,1
drying,5,2
dryness,1,1
dual,1,1
duck,2,2
dude,1,1
due,3,2
duke,1,1
dull,4,2
dumb,4,2
dump,1,1
dungeon,3,1
dust,4,1
duvet,2,1
dyin,1,1
dynamic,2,2
eagan,1,1
ear,1,1
earl,1,1
early,20,7
earmark,1,1
earn,1,1
earth,2,2
ease,1,1
easily,6,4
eastern,2,2
eastwood,1,1
easy,16,4
eat,43,7
eater,1,1
echo,1,1
eco,1,1
economically,1,1
ed,1,1
edge,6,2
edible,2,1
edit,13,2
editing,2,1
editor,2,1
edu,1,1
effect,2,2
efficiency,7,2
efficient,4,1
efficiently,1,1
effort,8,4
egg,10,3
eight,10,6
either,14,7
elastic,1,1
elation,1,1
elbow,1,1
electric,3,2
electrical,3,2
electrician,5,1
electricity,5,2
electrify,1,1
electron,2,1
electronic,2,2
element,3,3
elevate,2,2
elevator,2,1
elia,1,1
elisa,1,1
ellen,1,1
elliot,1,1
else,20,8
elster,1,1
email,12,4
emailing,1,1
embarrassed,1,1
embarrassing,6,2
embroidered,1,1
emily,1,1
eminem,1,1
emma,1,1
emmer,1,1
emoji,4,1
emojis,9,1
emotion,1,1
emotionally,1,1
emphasis,1,1
emphasize,1,1
employee,2,2
empty,4,2
emulate,3,3
encourage,4,2
end,38,7
endeavor,1,1
endless,1,1
endorse,1,1
enemy,2,1
energy,5,2
engage,6,3
engineering,1,1
england,3,1
english,3,1
enhance,1,1
enjoy,16,8
enjoyment,1,1
enormous,2,2
enough,28,8
ensure,2,1
enter,4,4
entire,6,4
entirely,2,2
entirety,1,1
entitle,2,1
entitled,1,1
entrench,1,1
entrenched,1,1
environment,4,2
envisage,1,1
episode,36,8
equal,6,2
equally,2,1
equation,2,1
equator,1,1
equipment,1,1
equivalent,1,1
er,1,1
era,2,2
erase,1,1
eric,3,2
erin,2,1
err,3,3
error,5,3
escalate,1,1
escape,1,1
especially,8,4
essay,4,2
essential,2,1
essentially,1,1
estate,1,1
estimate,1,1
ethernet,1,1
ethical,2,1
ethnic,1,1
etiquette,1,1
europe,3,2
european,1,1
even,33,7
even_though,11,5
evenly,1,1
event,8,3
ever,48,8
everest,1,1
every,41,8
every_second,8,6
every_single,13,6
every_time,14,6
every_week,8,7
everyone,58,8
everyone_else,6,4
everything,40,7
everywhere,5,3
evil,1,1
evolution,1,1
evolve,1,1
exact,1,1
exactly,19,7
example,9,5
excel,1,1
excellent,3,2
except,1,1
excess,1,1
exchange,3,3
excite,4,4
excited,7,4
excitement,2,2
exciting,4,1
excitingly,1,1
exclusively,2,1
excuse,11,3
exercise,1,1
exhausting,1,1
exist,8,4
existed,1,1
existence,2,1
expect,6,6
expectation,2,1
expecting,1,1
expensive,3,3
experience,9,6
expert,1,1
explain,15,5
explicitly,1,1
explode,1,1
exploit,1,1
exponentially,1,1
expose,2,2
exposure,2,1
expression,2,1
extension,4,1
extensively,1,1
extent,1,1
extinguisher,3,1
extra,6,5
extremely,1,1
extricate,1,1
eye,12,6
eyeball,2,2
eyebrow,1,1
eyewitness,1,1
f,2,2
fabric,1,1
face,24,7
facebook,7,6
facetime,1,1
facial,1,1
fact,23,7
factor,5,3
fad,1,1
fahrenheit,1,1
fail,4,3
fair,3,1
fairly,1,1
fake,13,2
fall,6,5
fallout,1,1
familiar,2,2
familiarity,1,1
family,6,3
famous,2,2
fan,6,4
fantastic,2,2
far,11,4
farm,1,1
farmer,1,1
fascinate,1,1
fascinating,1,1
fashion,3,2
fast,3,3
fat,5,2
fate,1,1
father,1,1
fatty,2,1
fault,2,2
favor,4,3
favorite,43,7
favourite,1,1
fax,1,1
fb,1,1
fear,2,2
feature,5,2
fed,3,3
feed,7,3
feedback,8,3
feel,64,8
feel_like,36,8
feeler,1,1
feeling,4,3
fela,1,1
fella,1,1
ferc,1,1
ferry,2,1
festival,3,2
festive,1,1
fever,1,1
fiction,1,1
fiddle,1,1
fidel,1,1
field,2,2
fifth,1,1
fifty,1,1
fig,1,1
fight,3,2
figure,3,3
fill,15,7
film,3,2
filter,1,1
filth,1,1
filthy,3,2
final,8,4
finally,8,4
find,57,8
finding,1,1
fine,28,8
finger,10,5
fingertip,1,1
finish,15,5
fire,5,2
firm,5,4
firmly,1,1
first,54,8
first_one,12,3
first_time,9,7
fishing,3,1
fit,8,3
fitting,3,2
five,14,7
five_minutes,9,5
fix,5,4
flag,3,3
flash,3,2
flat,3,1
flatmates,1,1
flavor,5,1
flex,1,1
flexible,1,1
flick,2,1
flight,1,1
flintstone,1,1
flip,6,3
float,2,2
flood,2,1
floor,24,4
flooring,7,1
flow,2,2
fluorescent,2,1
flush,6,2
fly,5,5
flyer,2,2
flying,1,1
focus,10,6
fodmap,3,2
foe,1,1
fog,1,1
foil,7,2
fold,7,2
foley,1,1
folk,3,1
follow,16,6
follower,1,1
fonda,1,1
food,28,7
fool,3,2
foot,15,5
football,6,3
footnote,2,1
footwell,1,1
force,7,5
forehead,1,1
foreign,1,1
foreseeable,1,1
forever,1,1
forget,10,7
forgot,1,1
fork,8,2
form,5,4
formula,1,1
fort,1,1
forte,1,1
forth,6,2
fortnight,6,5
fortnightly,6,5
fortunate,1,1
forty,1,1
forward,3,3
forward_slash,7,4
four,20,6
foursome,1,1
fourteen,1,1
fox,1,1
frame,10,3
framing,2,1
fran,1,1
franco,1,1
fraud,1,1
fred,1,1
free,27,7
freedom,1,1
freeze,6,3
freezer,3,1
freezing,1,1
french,1,1
freon,2,1
fresh,4,3
freshen,1,1
freshly_cut,1,1
freshly_cut_grass,9,1
freshness,2,2
friday,3,2
fridge,59,4
fried,1,1
friend,78,7
friendly,3,2
friends,1,1
friendship,16,8
frighten,1,1
fringe,1,1
frog,1,1
front,16,6
front_seat,8,1
frostbite,1,1
frosted,1,1
fruit,3,2
frustrated,1,1
frustrating,1,1
frustratingly,1,1
fry,9,3
fuck,7,4
fucked,1,1
fuckin,1,1
fucking,4,2
fuel,1,1
full,24,7
fullscreen,1,1
fully,5,5
fun,24,7
function,2,2
functional,1,1
functionality,1,1
fund,1,1
funniest,2,2
funny,17,6
fur,1,1
furious,1,1
fussy,2,1
future,5,3
gag,2,1
gain,1,1
gallery,2,2
game,43,7
game_boys,10,5
gameboyscomedy,1,1
games,1,1
gameshow,1,1
gaming,1,1
gamut,1,1
gang,1,1
gap,1,1
garage,2,1
garbage,4,3
garlic,3,2
garner,1,1
gas,5,1
gate,4,2
gather,3,2
gauging,1,1
gb,4,3
gear,2,1
geez,1,1
gene,1,1
general,4,3
generally,15,6
generic,4,4
generous,1,1
genevieve,1,1
genius,1,1
gentleman,2,2
gentlemen,3,1
genuinely,1,1
geon,2,2
georgia,3,2
germ,1,1
germs,1,1
gerry,1,1
gesture,2,2
get,745,8
get_rid,12,5
get_started,11,8
gherkin,2,1
giant,2,2
gift,7,2
gin,1,1
gina,3,2
gird,1,1
girl,4,3
girlfriend,9,5
girth,1,1
give,85,8
give_us,8,4
giveaway,5,2
giving_away,6,2
gjj,1,1
glad,6,2
gladiator,2,1
gland,1,1
glass,21,6
globe,2,2
glory,1,1
glossary,1,1
glove,1,1
glutton,1,1
go,718,8
goal,1,1
goat,1,1
gob,1,1
god,24,7
goes_back,7,4
going,5,4
gold,1,1
golden,1,1
golf,5,1
good,188,8
good_company_today,9,8
goodbye,7,5
goodbye_goodbye,2,2
goodness,1,1
google,1,1
gorbachev,1,1
gorgeous,4,1
gosh,1,1
got,3,3
governor,1,1
grab,25,8
grabbed,1,1
grabbing,1,1
grace,1,1
gracie,1,1
grade,4,3
graduation,1,1
graffiti,1,1
gram,2,1
grammar,2,1
grammy,1,1
grand,4,1
grandfather,1,1
grandparent,3,1
grant,3,2
grape,1,1
graph,1,1
graphs,2,1
grass,10,2
grater,1,1
gravely,1,1
gray,2,2
grease,1,1
great,141,8
greedy,2,1
greek,1,1
green,13,4
gretel,1,1
gretl,2,1
grey,1,1
grimace,1,1
grime,3,1
grind,2,2
grinder,2,2
grocer,1,1
grocery,2,1
groom,1,1
ground,6,5
group,20,4
groveling,1,1
grow,6,5
grown,1,1
grubby,1,1
grunt,1,1
gsm,2,1
gtg,2,1
guarantee,1,1
guard,2,1
guess,34,7
guest,6,3
guilty,3,2
guitarist,1,1
gummy,2,1
gun,1,1
gust,1,1
gutentag,1,1
guy,142,8
gym,4,1
ha,3,1
habit,3,3
hackett,1,1
hair,5,2
haircut,1,1
haiti,1,1
half,20,6
halfway,3,2
halladay,1,1
hallowed,1,1
halluf,2,1
ham,1,1
hamm,1,1
hamper,1,1
han,1,1
hand,34,8
handed,1,1
handful,2,2
handle,10,4
handwrite,1,1
handy,1,1
hang,46,7
hanger,1,1
hanging,3,2
hangover,1,1
hannah,3,1
happen,67,8
happily,2,2
happy,16,6
hard,22,8
hardcopy,1,1
hardly,1,1
hardwood,3,1
hardwood_floor,8,1
harm,1,1
harsh,1,1
hashtag,7,2
hassle,2,2
hat,12,5
hatch,1,1
hate,26,7
hater,3,1
hawk,1,1
head,27,8
headphone,2,1
health,2,1
healthy,3,2
heap,3,2
hear,61,8
hearing,2,2
hearse,1,1
heart,5,2
heartbeat,1,1
hearte,1,1
heat,18,5
heater,9,3
heating,2,1
heavily,3,2
heavy,9,2
heavyweight,1,1
hectare,2,1
heel,1,1
hell,21,7
hella,2,1
hello,26,8
help,20,6
hen,2,1
herb,3,1
heritage,2,2
hesitant,1,1
hesitate,8,1
hesitation,1,1
hessian,1,1
hey,60,8
hi,35,6
hickety,2,1
hide,4,3
hiding,1,1
high,21,6
high_team,9,4
highlight,3,2
highly,1,1
hike,2,2
hilarious,1,1
hint,1,1
hippie,1,1
hipster,1,1
hire,1,1
history,1,1
hit,21,7
hitchhike,1,1
hmm,1,1
ho,1,1
hoardy,1,1
hold,10,6
hole,12,6
holiday,7,2
hologram,1,1
home,32,6
hometown,1,1
hon,1,1
hone,1,1
honest,11,5
honestly,9,6
honey,7,3
honor,6,3
honored,1,1
hope,14,7
hopefully,13,4
horizontally,1,1
horny,1,1
horse,2,1
hospital,1,1
host,7,5
hostility,1,1
hot,17,8
hotel,2,2
hotspot,1,1
hour,26,8
house,59,8
housemate,2,2
housemates,1,1
houseplants,1,1
howarth,1,1
howdy,1,1
however,2,1
hq,3,1
hsn,1,1
hub,1,1
huber,1,1
hug,1,1
huge,11,5
huh,1,1
human,7,4
humid,1,1
hundred,10,5
hung,3,3
hungry,1,1
hunt,1,1
hunter,1,1
hurry,2,2
hurt,1,1
hype,1,1
hyper,1,1
hyphen,1,1
ian,1,1
ice,1,1
ick,1,1
iconic,2,2
icy,2,2
idea,33,8
ideal,2,2
idina,1,1
idiot,8,5
ignorant,1,1
ignore,3,2
ii,1,1
iii,4,3
iiii,1,1
ill,2,1
illusion,1,1
image,4,3
imaginaire,1,1
imagine,9,6
immediate,2,2
immediately,3,2
impactful,1,1
impatient,1,1
important,18,7
impossible,3,3
impostor,1,1
imprecise,1,1
impress,2,2
impression,12,4
impressionist,1,1
impressive,4,4
imprint,2,1
improved,1,1
improvement,3,3
improvise,1,1
inanimate,2,2
inaudible,1,1
inbox,1,1
inbuilt,1,1
incentive,1,1
inch,2,2
include,4,4
inconvenience,2,2
incorporate,1,1
increase,2,2
incredible,10,6
incredibly,6,4
indicate,2,2
individual,5,3
individually,4,2
indoor,1,1
industry,1,1
infectious,1,1
inferior,1,1
inflexible,1,1
inform,1,1
information,1,1
ingredient,6,3
inherent,1,1
inherently,1,1
inia,1,1
initial,9,4
initially,2,2
initiate,1,1
ink,1,1
inner,1,1
inquisitive,1,1
insert,1,1
inside,8,5
insight,1,1
inspection,2,1
inspiration,1,1
inspire,1,1
instagram,18,8
install,1,1
instance,5,3
instant,1,1
instantly,3,2
instead,8,5
instinctively,1,1
insulate,1,1
insulated,1,1
insurance,2,1
integrity,2,1
intel,2,1
intensity,1,1
intention,2,2
inter,1,1
interact,3,3
interaction,3,2
interest,4,1
interested,20,8
interesting,39,7
interim,1,1
interior,3,1
internation,1,1
international,4,3
internet,4,2
interpretation,1,1
interrupt,1,1
intersperse,1,1
interval,1,1
intervene,1,1
interview,1,1
intimidate,1,1
intro,4,3
introduce,10,5
introduction,2,1
invention,1,1
invest,2,2
investment,1,1
invite,3,2
involve,4,4
io,4,2
irk,1,1
irresponsible,1,1
irrigation,1,1
isaac,1,1
island,3,2
isolation,7,2
issue,24,8
italian,17,5
italy,2,1
itchy,2,1
item,5,2
ivan,1,1
jack,1,1
jacket,18,1
jam,2,2
james,2,2
janet,1,1
january,1,1
japanese,3,2
japanese_knife,6,1
jar,1,1
jasmin,1,1
jasmine,2,1
jaw,1,1
jay,2,2
jazz,2,1
jean,6,1
jeans,3,2
jeeper,1,1
jeez,1,1
jello,1,1
jerk,1,1
jesse,1,1
jessica,1,1
jesus,1,1
jet,1,1
jetson,1,1
jewel,1,1
jhin,1,1
jimmy,5,1
jingle,1,1
jj,2,1
job,16,8
joe,3,2
joel,3,1
john,9,4
johnny,4,2
join,31,8
joint,2,2
joke,7,4
jolie,1,1
jolly,2,2
jon,1,1
josh,326,8
joshua,3,2
jotform,1,1
journal,1,1
joy,4,2
joyce,1,1
jp,1,1
jud,1,1
judge,2,2
judgment,3,3
juice,3,3
juilliard,1,1
jules,2,2
julia,1,1
juliet,1,1
jumble,1,1
jumbo,1,1
jump,13,5
jumper,4,3
jumpy,1,1
june,2,1
junk,1,1
justice,5,3
kaitlyn,1,1
katelyn,1,1
katie,1,1
keef,1,1
keep,49,8
kernel,1,1
kettle,2,2
key,15,7
keyboard,3,2
keynote,3,1
kia,1,1
kick,10,5
kid,10,6
kieren,2,1
kill,10,4
killer,2,2
killing,1,1
kilo,3,1
kind,112,8
kinda,1,1
kindly,1,1
kinect,1,1
kinetic_screen,6,2
king,3,1
kitchen,24,5
kitchens,1,1
kite,1,1
kiwi,1,1
knack,1,1
knee,1,1
knickknack,1,1
knife,40,2
knitting_needle,6,6
knob,1,1
knock,7,4
knocker,1,1
know,525,8
knowledge,3,3
known,1,1
knuckle,9,1
knuckles,2,1
kopp,1,1
korean,2,2
koreans,1,1
kreme,1,1
krisha,1,1
krishnan,1,1
krispy,1,1
kristian,1,1
kudo,2,1
kukaracha,1,1
kylie,1,1
lab,1,1
label,4,4
lady,3,1
lake,1,1
lamb,2,1
lambaste,1,1
lame,1,1
lamp,3,1
land,4,2
landfill,1,1
lands,2,1
language,2,2
lap,4,4
laptop,1,1
large,5,4
largely,1,1
lasagna,17,2
lasagne,1,1
last,46,7
latch,3,1
latching,1,1
late,23,6
lately,2,1
later,18,6
lather,1,1
latte,1,1
laugh,2,2
laughed,1,1
launch,2,1
laura,1,1
law,4,3
lawson,2,1
lay,9,4
layer,5,2
laymen,1,1
layout,3,1
lazily,1,1
laziness,2,1
lazy,1,1
lead,6,4
leader,1,1
leaf,4,3
lean,1,1
learn,6,4
learning,3,3
leasing,1,1
least,13,7
leave,54,8
lee,1,1
left,4,4
leftover,12,4
leg,11,4
legging,3,1
legitimate,2,2
legitimately,1,1
lena,1,1
length,5,3
lense,1,1
leon,1,1
less,12,6
lesson,2,2
let,115,8
letter,5,4
lettering,1,1
letting,1,1
level,10,4
liberating,1,1
license,1,1
lie,4,3
lieu,1,1
life,44,8
life_let,8,8
lifetime,3,2
lift,9,4
lifting,1,1
light,32,7
lighter,2,1
lighting,3,3
like,947,8
likely,6,4
likewise,1,1
limit,2,2
linda,2,2
line,17,8
linen,2,1
link,11,4
linoleum,1,1
lion,3,2
lip,7,2
lipton,2,1
liquid,10,3
lisa,2,1
list,3,2
listed,1,1
listen,34,8
listener,9,5
listening,5,4
lister,1,1
literally,26,8
little,140,8
live,59,8
live_stream,9,5
livelihood,1,1
livestream,8,4
living,1,1
load,6,3
lobosdie,1,1
local,8,6
location,2,2
lock,10,5
lockdown,2,1
lodge,1,1
log,1,1
logo,1,1
lolli,1,1
lollie,1,1
lollipop,1,1
lolly,21,1
lone,1,1
long,41,8
long_time,7,4
longed,1,1
longevity,1,1
look,126,8
looking,1,1
looks_like,14,5
loop,1,1
loose,3,2
lose,13,6
loss,3,2
lost,1,1
lot,86,8
loud,4,4
loudly,1,1
lounge,2,1
love,78,8
loved,1,1
lovely,16,6
lovingly,1,1
low,8,4
loyal,1,1
luck,3,3
lucky,4,4
lumber,1,1
lunch,9,3
luxury,2,2
lz,1,1
mac,1,1
machine,4,2
mad,1,1
magazine,1,1
magenta,1,1
magic,1,1
mail,1,1
main,9,4
mainly,4,4
mainstream,1,1
maintain,1,1
maintenance,1,1
major,4,2
make,135,8
make_sure,30,8
maker,1,1
male,1,1
man,18,7
manage,1,1
manchester,1,1
maneuver,1,1
mantra,1,1
manual,2,1
manufacture,1,1
manufacturer,1,1
manufacturing,1,1
many,37,8
map,3,3
maple,1,1
marco,1,1
marijuana,1,1
marina,1,1
mark,6,2
market,8,6
marketer,1,1
marketing,1,1
marking,1,1
maroon,1,1
married,1,1
marry,1,1
marvel,1,1
mary,1,1
mash,3,2
mask,1,1
masse,1,1
massive,6,4
match,9,4
matching,2,2
mate,20,8
mateo,1,1
material,3,3
math,2,2
mathematical,1,1
matically,1,1
matrix,1,1
matt,2,2
matter,10,6
mattress,4,1
max,5,2
maxed,1,1
maximize,1,1
may,53,8
maya,1,1
maybe,53,8
mayo,1,1
mccourt,1,1
mcg,2,2
meal,21,6
mean,93,8
meaning,1,1
meantime,3,2
measure,1,1
meat,5,2
mechanical,3,1
medication,1,1
medicine,1,1
meditate,1,1
mediterranean,2,1
medium,3,3
meet,18,6
meeting,9,3
megan,1,1
melbourne,7,4
member,1,1
membrane,1,1
memento,3,2
memory,5,2
mental,3,3
mentally,4,3
mention,13,6
mento,5,1
mentor,1,1
mentos,8,1
menu,9,1
merely,1,1
merino,1,1
mesh,1,1
mess,2,2
message,46,5
messaging,2,1
messenger,1,1
messy,5,3
met,1,1
meter,10,4
metric,1,1
metro,1,1
metropolitan,1,1
mettre,1,1
mexican,1,1
mic,7,5
michael,8,3
microphone,4,4
microsite,1,1
microwave,4,2
mid,2,2
middle,10,5
midway,1,1
might,1,1
mikhail,3,1
milat,1,1
mild,1,1
mile,1,1
milk,10,5
milky,1,1
million,1,1
mimic,5,2
mind,25,8
mindful,1,1
mine,11,7
minh,1,1
minimizing,1,1
minimum,1,1
mininum,1,1
minor,1,1
mint,7,1
minute,50,8
miriam,6,1
mirror,4,1
miss,12,4
missed,1,1
mission,2,1
mist,2,1
mistake,2,2
mister,1,1
mitchell,1,1
mix,7,3
mixed,1,1
mixture,1,1
mmm,2,1
mo,1,1
mobile,4,1
model,4,4
modern,1,1
modesty,5,1
modu,1,1
mogi,1,1
moisture,1,1
molecular,1,1
molt,1,1
mom,7,5
moment,30,8
monday,1,1
money,18,6
monitor,2,1
monk,2,1
monkey,1,1
monopoly,1,1
monotony,7,7
montague,2,1
montenegro,2,1
month,27,8
monthly,4,3
monumental,1,1
mood,7,3
moon,1,1
mop,3,2
moral,2,1
morgue,2,1
morning,19,7
mother,4,2
motion,2,2
motivation,1,1
motorcycle,1,1
mount,2,2
mountain,1,1
mouse,2,2
moustache,1,1
mouth,5,3
move,29,7
moved,2,2
movement,3,3
movie,3,3
mr,14,3
ms,4,2
msn,1,1
much,118,8
muesli,2,1
mug,24,3
muggy,1,1
mulling,1,1
multiple,6,4
mum,8,6
municipality,2,1
murphys,1,1
muscle,4,3
mushroom,1,1
music,20,5
musical,1,1
must,9,6
mustache,1,1
mustard,6,2
mute,3,2
mygov,1,1
myspace,1,1
myth,1,1
nah,1,1
nail,2,1
naive,1,1
naked,1,1
name,24,8
nanny,1,1
nap,2,1
narrative,1,1
national,2,1
natural,6,4
naturally,1,1
nature,2,2
nd,1,1
neal,1,1
near,7,3
necessarily,4,4
necessary,1,1
neck,3,3
nee,14,4
need,103,8
needed,1,1
needin,1,1
needle,2,2
negative,1,1
negus,1,1
neighbor,7,1
neil,2,1
neither,1,1
nervous,4,3
netball,3,2
network,1,1
never,57,8
new,25,8
new_patch,10,7
news,8,6
newspaper,3,2
next,29,8
next_time,7,4
nice,30,7
nicely,1,1
nicest,1,1
nichelle,1,1
nick,1,1
nigella,1,1
night,37,8
nightclub,3,1
nightie,1,1
nightmare,1,1
nighttime,1,1
nine,3,3
nintendo,1,1
nip,1,1
nitrogen,1,1
noah,1,1
nobody,1,1
nod,1,1
noise,4,3
nokia,2,1
non,3,3
nonchalantly,1,1
none,2,2
nonetheless,1,1
nonsensical,2,1
noodle,1,1
nope,1,1
normal,17,6
normally,9,5
north,1,1
nose,3,2
not,8,3
note,7,3
notebook,2,1
nothing,30,7
notice,10,6
notification,1,1
notify,1,1
nowadays,1,1
nowhere,1,1
nuclear,1,1
number,12,5
nursery,7,1
nut,4,3
nutjob,1,1
nuts,1,1
object,3,3
objected,1,1
obliterate,1,1
observant,1,1
observe,5,3
obsess,8,5
obsessed,1,1
obvious,4,2
obviously,23,6
occasion,3,2
occur,1,1
oculus,1,1
odd,7,5
oddly,1,1
offense,1,1
offer,6,4
offering,1,1
office,3,1
official,1,1
offline,1,1
often,14,5
ogre,1,1
oh,157,8
oh_wow,10,6
oh_wow_oh_wow,7,4
oil,2,2
ok,4,2
okay,101,8
old,16,5
olive,7,1
olives,2,1
olivia,2,1
one,233,8
one_the,8,6
one_thing,12,6
onion,4,4
online,9,5
ons,2,1
onto,4,4
onus,2,1
ooh,1,1
op,1,1
open,24,8
opener,2,1
operate,1,1
operation,2,1
operative,1,1
opinion,4,3
opportunity,11,6
oppose,4,3
opposite,4,3
opposition,1,1
optic,1,1
optical,1,1
option,4,2
ora,1,1
oral,1,1
orange,1,1
orcs,1,1
order,39,5
ordered,2,2
ordinarily,1,1
ordinary,2,1
organise,2,1
organization,1,1
organize,3,2
organized,1,1
original,8,3
originally,2,2
ostrich,3,1
other,2,2
otherwise,7,5
ought,1,1
outcome,2,1
outdoor,1,1
outlet,6,2
outline,2,1
outlook,1,1
output,2,2
outside,14,6
oven,8,2
overflowing,1,1
overhead,2,2
overkill,2,1
overly,2,2
overnight,2,1
overseas,3,3
oversized,1,1
overuse,1,1
overweight,1,1
overwhelm,1,1
overwhelming,1,1
overwrite,1,1
ow,1,1
own,1,1
owner,2,2
ownership,1,1
oxidation,1,1
ozzy,1,1
pablo,1,1
pace,1,1
pacer,1,1
pacifica,1,1
pack,8,5
package,4,2
packed,4,3
packet,7,3
pad,2,1
page,11,4
paint,3,2
paintbrush,1,1
pair,17,5
pairs,1,1
palatable,1,1
palate,1,1
palette,2,2
pamphlet,1,1
pandemic,3,1
pane,1,1
panel,2,1
pant,13,3
pantone,1,1
pantsless,1,1
paper,15,2
papi,1,1
papyrus,1,1
par,1,1
parcel,2,1
parent,10,1
park,1,1
parking,1,1
parlour,1,1
part,30,8
participate,1,1
particular,9,5
particularly,8,6
partner,19,5
party,21,6
pass,6,4
passata,1,1
passenger,4,2
passionately,1,1
past,12,6
pasta,9,3
paste,2,1
pastor,2,2
pat,3,2
patch,101,8
patcher,1,1
patchword,1,1
patchwork,54,8
patchworker,1,1
patchworkers,1,1
path,2,2
pathetic,1,1
patience,1,1
patreon,19,5
patreon_com,7,6
patrick,11,5
patridge,1,1
patron,25,7
pattern,1,1
paul,1,1
pause,2,1
pave,1,1
pay,20,7
payment,4,1
paypal,1,1
pc,1,1
peak,1,1
peanut,4,3
peasy,1,1
pedigree,1,1
peek,3,2
peg,7,1
pegs,3,1
pelican,1,1
pen,2,2
pencil,2,1
penguin,1,1
penis,1,1
pennpoint,1,1
peon,2,2
people,186,8
per,2,2
percent,6,3
percentage,1,1
perfect,18,6
perfecting,1,1
perfectly,2,2
performance,1,1
perfume,2,1
perhaps,2,2
period,4,2
perkin,2,1
permanent,1,1
permeate,1,1
persisting,1,1
person,64,8
persona,1,1
personal,7,5
personality,2,2
personally,2,2
perspective,1,1
pet,1,1
peter,1,1
petrol,1,1
petticoat,3,1
pfizer,1,1
philippa,1,1
philosophy,1,1
phone,22,6
phone_call,15,2
phoned,1,1
photo,13,5
phrase,3,3
phrasing,1,1
physio,4,1
pia,1,1
piatto,1,1
pick,35,8
picker,1,1
pickety,3,1
picking,1,1
picnic,1,1
picture,10,5
piece,13,6
piketty,1,1
pile,3,3
pill,3,1
pinch,2,1
pink,3,1
pinnacle,1,1
pinpoint,1,1
pinterest,1,1
pinto,1,1
pipe,2,1
piss,4,2
pit,1,1
pity,2,2
pizza,9,3
place,32,8
placement,1,1
plan,8,5
plane,5,1
planet,1,1
planner,1,1
planning,1,1
plant,5,3
plastic,23,5
plate,33,5
platform,7,3
platter,2,2
play,34,7
playing,7,3
please,34,7
pleasing,1,1
pleasure,7,2
plenty,2,2
plethora,1,1
plug,19,2
plunger,1,1
plus,2,1
pm,2,2
pocket,2,2
pod,1,1
podcast,35,8
podcaster,3,3
point,80,8
pointer,1,1
pointing,1,1
pointless,1,1
pointy,1,1
poke,1,1
policeman,2,2
polish,2,2
polished,1,1
politely,1,1
polly,3,1
polo,1,1
polyester,1,1
pom_pom,4,1
pomroy,1,1
poo,2,1
pool,1,1
poop,1,1
poor,8,4
pop,10,6
popcorn,6,1
popping,1,1
popular,1,1
porch,1,1
pore,1,1
portion,4,4
pose,1,1
position,7,5
positive,1,1
possessive,1,1
possible,11,7
possum,2,1
post,29,7
postage,1,1
postal,2,1
poster,7,2
postie,1,1
pot,5,4
potentially,2,2
pour,8,3
poured,1,1
power,10,2
power_board,23,1
power_boards,2,1
powerboard,1,1
powerpoint,1,1
pr,1,1
practically,1,1
practice,8,3
prawn,4,1
pre,4,4
precarious,1,1
preface,1,1
prefer,1,1
preferably,1,1
preference,1,1
preliminary,1,1
premium,6,2
preparation,1,1
prepare,8,3
prepared,6,4
presence,2,2
present,4,2
press,4,3
pressure,5,3
presumably,1,1
presume,2,2
pretend,5,3
pretty,31,7
pretty_much,6,3
previous,4,3
previously,6,2
price,3,2
primarily,1,1
primary,1,1
primo,1,1
principle,1,1
print,7,3
prior,1,1
prised,1,1
pristine,1,1
privileged,2,2
privy,1,1
prize,6,2
probably,64,8
problem,49,8
proceed,1,1
process,4,3
produce,2,2
producer,6,5
product,7,3
production,4,2
professional,2,2
professionalism,1,1
professor,1,1
project,3,3
projection,1,1
promise,2,2
promo,2,1
promote,1,1
-PRON-,128,8
prong,2,1
pronounce,3,2
proofread,1,1
prop,3,2
propagate,1,1
propel,1,1
proper,6,5
properly,4,2
proportion,1,1
proportionate,2,1
proprietary,1,1
protect,1,1
protection,1,1
protective,1,1
protocol,1,1
proverbial,1,1
provide,2,2
provider,1,1
provoke,1,1
psychiatrist,1,1
psychology,1,1
pub,7,3
pube,1,1
public,2,1
puffer,1,1
pull,16,6
pump,3,3
punctuation,4,1
punnett,1,1
pure,1,1
purely,6,3
purina,1,1
purpose,11,5
purse,1,1
push,4,2
put,131,8
puzzle,1,1
quad,4,1
qualification,1,1
qualified,1,1
qualify,3,3
quality,8,4
quarantine,2,1
quarter,3,2
quartet,1,1
queen,3,2
quentin,1,1
query,1,1
quest,1,1
question,69,8
queue,4,2
queuing,1,1
quick,30,7
quickly,22,8
quiet,1,1
quilt,13,8
quilter,2,1
quinella,1,1
quinn,1,1
quinoa,4,1
quit,1,1
quite,31,7
quitting,1,1
rabbit,2,1
race,1,1
racing,1,1
rack,5,2
radio,1,1
raid,1,1
railway,1,1
rain,7,4
raining,2,1
raise,6,4
ramification,1,1
random,1,1
randomly,1,1
range,2,2
rapid,2,1
rapping,2,1
rare,4,3
rarely,3,3
rat,1,1
rather,13,5
rating,2,1
ratio,1,1
rationale,5,2
raw,2,2
ray,18,1
rba,1,1
rd,1,1
re,2,2
reach,4,3
react,3,2
reaction,2,2
read,26,6
reader,3,1
reading,4,3
ready,13,5
real,27,6
realistic,4,2
reality,2,2
realization,2,2
realize,19,7
really,261,8
really_appreciate,11,4
really_cool,3,1
really_good,73,8
really_goods,16,8
really_really_cool,6,4
really_really_good,12,7
rearing,1,1
reason,36,8
reasonable,4,3
reasoning,2,2
rebut,1,1
receipt,1,1
receive,9,4
recent,4,2
recently,8,4
receptacle,2,1
reception,3,1
reception_desk,6,1
recipe,3,2
reckon,63,8
recognize,3,3
recommend,4,3
recommendation,1,1
record,7,4
recording,1,1
recreate,2,2
recreating,1,1
recreation,3,1
recur,1,1
recycle,1,1
red,7,5
reddit,1,1
reduce,3,2
reduction,1,1
ree,1,1
reel,1,1
refer,5,3
referee,1,1
reference,13,6
referenced,1,1
reflect,3,2
refresh,1,1
refrie,3,1
refund,7,2
refurbish,1,1
regard,20,5
regime,1,1
regional,2,1
regular,5,3
regularly,2,2
regulate,1,1
regulation,1,1
reheat,5,1
relate,2,2
relationship,5,3
relatively,1,1
relaxed,1,1
relaxing,1,1
release,4,4
relevant,2,2
reliability,1,1
relinquish,1,1
reluctant,3,1
rely,2,2
rem,1,1
remain,2,2
remember,40,8
remind,8,4
reminder,6,3
remnant,1,1
remove,5,2
rent,1,1
rental,1,1
rep,1,1
repaint,1,1
repaying,1,1
repeat,1,1
repeatedly,1,1
repel,1,1
repertoire,1,1
replace,3,3
replacement,3,1
replay,1,1
replenish,1,1
replied,1,1
reply,7,4
report,3,2
represent,1,1
reproduction,1,1
requested,1,1
require,5,4
reread,2,1
research,1,1
reserve,1,1
residue,2,1
resistance,1,1
resize,1,1
resort,1,1
resound,2,2
resounding,1,1
respect,5,3
respected,1,1
respectfully,1,1
respond,11,4
response,5,4
responsible,2,1
rest,10,7
restaurant,13,7
restriction,1,1
result,2,1
retail,1,1
retain,3,2
return,4,3
reubens,1,1
reveal,4,3
review,4,3
revision,1,1
revolution,1,1
reward,1,1
rhyme,6,1
rhythm,1,1
ribena,1,1
rice,4,3
rich,1,1
richard,1,1
richmond,1,1
ricky,1,1
rid,1,1
ride,2,2
ridiculous,4,3
riding,1,1
riff,1,1
rig,1,1
right,271,8
rightly,2,1
rights,1,1
rihanna,1,1
rim,6,2
rincey,1,1
ring,10,3
ringtail,1,1
rinks,1,1
rinse,11,2
rinsed,1,1
rip,3,3
rippable,1,1
ripple,1,1
rise,2,2
riser,1,1
risk,5,3
risky,1,1
river,2,1
riversdale,2,1
road,5,3
roar,1,1
roast,2,2
roba,1,1
robert,1,1
robo,1,1
robot,1,1
robotic,1,1
robust,3,1
rock,5,4
rod,2,2
rogan,1,1
roiber,1,1
roibus,1,1
role,1,1
roll,8,4
roller,2,1
ronnie,2,1
roof,8,3
rooibos,6,3
rooibos_challenge,7,4
room,57,5
root,1,1
rot,1,1
rotate,2,2
rough,1,1
round,5,1
rounder,1,1
router,1,1
routine,5,3
routinely,1,1
row,2,2
roy,3,1
royal,2,1
roybas,1,1
roybus,1,1
rss,2,1
rubber,1,1
rubbish,10,5
rube,1,1
rude,2,2
rudimentary,1,1
rug,1,1
ruin,1,1
rule,13,3
ruminate,1,1
run,31,7
runner,1,1
running,4,3
running_late,6,2
runway,2,1
rush,1,1
rushing,1,1
russian,1,1
ryan,3,2
sacrifice,2,1
sad,1,1
saddle,1,1
safe,3,3
safely,1,1
saffron,1,1
sailing,1,1
sailor,1,1
sake,1,1
salad,4,1
sale,2,1
salmon,4,3
salt,2,2
sam,3,2
samantha,1,1
sample,7,1
sampler,1,1
samurais,1,1
sandal,3,2
sanger,1,1
sari,1,1
satisfied,2,1
saturday,3,3
sauce,9,6
sausage,1,1
saving,2,2
saw,2,2
say,289,8
scale,3,2
scalp,1,1
scamorza,1,1
scaramanga,1,1
scare,2,1
scared,3,3
scary,1,1
scat,1,1
scathe,1,1
scenario,1,1
scene,1,1
schedule,1,1
schnitzel,1,1
school,6,3
schrodinger,1,1
science,4,3
scientific,1,1
scoff,1,1
score,1,1
scotty,2,1
scour,2,2
scrambled,2,1
scrape,5,1
scratching,2,2
scream,3,2
screen,9,6
screw,5,3
script,1,1
scroll,6,3
scrolling,8,1
scrub,2,2
scrubber,1,1
scrunch,1,1
scrutinize,1,1
scum,5,1
scurrilous,1,1
sea,2,1
seagull,1,1
seal,8,3
sealant,1,1
search,8,5
season,3,3
seat,10,5
sec,2,2
second,39,8
second_one,10,1
secret,1,1
secure,2,1
see,183,8
seed,1,1
seeing,1,1
seek,3,3
seem,21,7
seen,1,1
segment,7,3
segue,1,1
select,2,1
selection,3,1
self,11,5
selfish,1,1
sell,4,3
seller,2,1
semi,1,1
semicolon,5,1
send,44,7
sensation,4,2
sense,17,7
sensitive,1,1
sensitivity,1,1
sentence,13,4
sentiment,1,1
separate,7,5
separated,1,1
separately,1,1
separation,1,1
septum,1,1
sequentially,1,1
serious,1,1
seriously,6,4
sermon,1,1
serrate,3,1
serrated,4,1
serve,15,3
service,6,2
serving,4,2
set,16,6
setting,3,2
settle,8,4
setup,4,3
seven,10,3
seventeen,1,1
several,2,1
sew,21,8
sewage,1,1
sewed,2,2
sewing,1,1
sewn,1,1
sex,2,1
sexy,2,1
shake,2,2
shakespeare,2,1
shall,1,1
shallow,1,1
shame,5,3
shameful,1,1
shank,2,1
shape,7,2
shaq,1,1
shaquille,1,1
share,14,4
shared,1,1
sharp,7,1
sharpen,4,1
sharpener,1,1
sharpness,1,1
shave,2,2
shaylee,1,1
shazam,1,1
shea,2,1
sheepish,2,1
sheet,4,3
sheffield,5,1
shelf,3,3
sherman,1,1
sherry,1,1
shervington,1,1
shine,6,3
shiny,1,1
ship,6,5
shirk,1,1
shirley,2,1
shirt,15,4
shit,14,4
shiva,1,1
shock,1,1
shocking,23,8
shoe,31,3
shoot,9,5
shop,6,4
shopping,14,3
short,23,6
shortly,5,3
shot,1,1
shoulder,4,3
shout,10,4
shouting,1,1
shoutout,1,1
show,88,8
shower,3,3
showing,1,1
shrug,1,1
shudder,1,1
shut,6,4
shy,1,1
si,2,1
sicily,2,2
sick,11,3
side,25,7
sight,2,2
sightseeing,1,1
sign,14,5
signature,5,2
significant,2,2
silence,4,3
silent,1,1
silently,1,1
silk,1,1
silly,2,1
similar,5,4
similarly,1,1
simple,9,4
simply,1,1
since,11,6
sing,1,1
singer,1,1
singing,1,1
single,7,6
sink,7,4
sip,2,1
sir,4,3
sit,34,8
sit_around,6,6
site,3,2
sitting,1,1
situation,20,7
six,18,6
sixth,1,1
sixty,1,1
size,23,5
sized,2,2
skateboard,2,1
skeptical,1,1
skill,2,2
skin,5,3
skinny,3,2
sky,3,2
skype,1,1
slab,1,1
slash,2,2
slave,2,2
sleep,15,5
sleeping,1,1
sleeve,8,5
slice,3,2
slicing,1,1
slid,2,1
slide,2,2
slightly,1,1
slip,3,2
slipper,8,1
slob,1,1
slot,2,1
slovakia,1,1
slow,12,5
slowdown,1,1
slowing,1,1
slowly,4,2
slowness,1,1
slyke,1,1
smack,1,1
small,8,5
smaller,1,1
smash,3,2
smell,5,2
smile,10,3
smoke,1,1
smooth,1,1
snack,2,2
snail,1,1
snap,1,1
sniff,3,2
snippet,1,1
snoc,1,1
snooze,1,1
snowcap,1,1
soap,3,1
soccer,1,1
social,14,5
social_convention,8,8
social_media,14,5
society,5,2
sock,46,6
socket,3,1
socks,9,4
soda,1,1
sodastream,1,1
soft,2,1
solid,3,2
solo,1,1
solution,2,1
solve,1,1
somebody,2,2
someday,1,1
someone,78,8
someone_else,7,5
something,154,8
sometimes,41,8
somewhat,5,4
somewhere,14,7
son,1,1
song,3,2
soon,14,7
sorry,51,7
sorryy,1,1
sort,55,8
sound,27,5
sound_check,7,3
soundcheck,1,1
sounds_like,12,6
soup,4,2
sour,1,1
source,5,3
south,2,1
souvenir,1,1
sow,3,3
sowed,1,1
space,12,6
spacing,1,1
spagbol,1,1
spaghetti,1,1
spam,1,1
spamme,2,1
spanish,1,1
spare,1,1
sparse,1,1
speak,16,6
speaker,4,2
spearmint,1,1
special,12,5
specific,4,4
spectacle,1,1
speech,2,2
speed,4,2
spell,2,1
spelling,1,1
spelt,1,1
spelunk,1,1
spencer,1,1
spend,18,7
spending,1,1
spice,3,2
spicy,1,1
spider,1,1
spiel,1,1
spill,7,1
spin,3,3
spirit,1,1
spiritual,1,1
splash,1,1
split,2,2
sponge,1,1
sponsor,1,1
spoon,1,1
sport,7,4
sports,2,2
spot,4,3
spotify,1,1
spotless,1,1
spout,1,1
spray,1,1
spread,7,2
spreadsheet,1,1
spring,1,1
spritz,2,1
spy,1,1
square,5,3
squash,2,1
squeeze,1,1
squirrel,1,1
squirrely,1,1
squish,2,1
st,2,1
stable,1,1
stadium,1,1
staff,1,1
staffer,1,1
stage,5,4
staging,1,1
stain,1,1
stained,1,1
stair,2,1
stale,2,2
stand,8,5
standalone,1,1
standard,12,5
standardize,1,1
standing,2,2
stanley,5,1
staple,4,2
star,1,1
stare,3,2
start,71,8
starter,2,2
state,5,4
station,8,3
status,1,1
stay,10,5
steadfast,2,1
steady,1,1
steel,1,1
steep,1,1
stench,1,1
step,10,5
steph,1,1
steve,1,1
stick,11,6
sticker,1,1
sticking,1,1
sticky,2,2
stiff,1,1
still,48,8
stink,1,1
stir,2,1
stitch,1,1
stock,3,1
stomach,1,1
stop,28,8
storage,13,2
store,14,4
story,12,7
stove,3,1
stovetop,1,1
straight,21,7
straightaway,1,1
straightening,1,1
strange,10,5
stranger,20,2
strap,1,1
straps,1,1
strategically,2,2
strategize,1,1
strategy,3,3
straw,1,1
strawberry,2,1
stray,1,1
streak,1,1
stream,16,7
streaming,6,3
street,10,6
streetkitchen,1,1
strictly,1,1
strike,1,1
string,2,2
strip,1,1
strive,1,1
strong,2,1
struggle,2,1
stub,1,1
stubborn,1,1
stuck,3,1
study,5,2
stuff,80,8
stunning,2,1
stupid,5,3
style,8,2
stylistically,1,1
sub,2,2
subbed,1,1
submit,1,1
subscribe,23,6
subscriber,2,1
subscription,1,1
subsection,1,1
subsidy,1,1
substance,1,1
substantive,1,1
success,2,2
suck,2,2
suction,2,1
sudden,5,3
suddenly,2,1
suggest,5,5
suggestion,2,2
suit,2,2
sum,4,2
summer,8,4
summers,1,1
sun,7,3
sunglass,1,1
sup,2,1
super,6,5
superheate,1,1
superiority,1,1
supermarket,7,4
supper,1,1
supply,10,2
support,9,3
supportive,2,2
suppose,5,2
sure,47,8
surely,23,6
surface,5,3
surprise,2,2
surprised,3,3
surprisingly,2,1
surround,2,1
sushi,1,1
susie,1,1
sustain,1,1
suzanne,1,1
suzie,2,1
swatche,1,1
sweat,1,1
sweet,2,2
swen,1,1
swimmer,1,1
swing,1,1
switch,4,3
sydney,2,1
symbol,2,1
system,4,3
table,10,5
tac,2,1
tack,1,1
tackle,1,1
tactic,1,1
tag,8,2
tail,5,2
take,140,8
takeaway,10,3
taking,1,1
talented,1,1
talk,87,8
talking,5,3
tanginess,1,1
tap,5,2
tape,2,2
target,1,1
task,1,1
tasmania,1,1
taste,9,5
tat,2,1
tax,6,4
taxi,1,1
taylor,5,3
tea,40,6
tea_towel,16,1
teabag,1,1
teach,4,2
team,22,6
teapot,3,2
tear,7,4
tease,1,1
teaspoon,1,1
tech,3,2
technical,1,1
technique,4,3
technology,2,2
techy,1,1
teen,1,1
teenage,1,1
telegram,3,1
telephone,1,1
television,1,1
tell,61,8
teller,1,1
telmarine,1,1
temper,1,1
temperature,6,5
template,1,1
tempt,1,1
ten,5,4
tend,5,3
tendency,1,1
term,19,7
terrible,4,3
terrific,1,1
terrified,1,1
terrify,4,1
territory,1,1
test,7,4
text,18,2
texting,1,1
th,5,4
thai,1,1
thank,85,8
thankful,1,1
thanks,2,2
theme,2,2
therefore,2,2
thermos,2,1
thick,6,3
thin,3,2
thing,263,8
think,482,8
thinking,8,7
third,6,3
thirty,1,1
thoroughly,1,1
thorpe,2,1
though,54,8
thought,25,8
thousand,2,2
thread,6,2
three,40,8
three_old_friend,4,4
three_old_friends,2,2
thrill,2,2
throat,4,1
throughout,8,5
throw,20,8
thumb,7,3
thursday,9,5
thursday_nights,6,5
tic,2,1
tic_tacs,13,1
tick,6,2
ticket,4,3
tidy,3,2
tie,2,1
tight,10,2
til,1,1
tile,1,1
till,5,3
tim,5,4
timber,2,1
time,162,8
timely,1,1
timer,1,1
timey,1,1
tin,3,1
tiny,5,4
tionne,1,1
tip,4,2
tippy,1,1
tiptoe,3,2
tire,1,1
title,4,3
to,202,8
toast,8,2
toasty,1,1
today,28,7
toe,6,4
together,22,8
toilet,10,3
tolerate,1,1
tom,2,2
tomato,4,3
tombstone,1,1
tomorrow,3,2
tone,2,2
tong,1,1
tongue,1,1
tonight,12,7
tool,3,3
toolman,2,2
tooth,3,2
toothpaste,1,1
top,30,8
topic,2,1
torment,1,1
tortino,1,1
toss,2,2
total,2,2
totally,2,2
touch,11,7
touching,1,1
tough,9,5
towards,5,3
towel,12,1
tower,1,1
town,1,1
toy,4,1
trace,1,1
traceable,2,1
track,7,3
tracking,2,2
tracksuit,2,1
trading,1,1
traditional,3,1
traditionally,4,2
traffic,4,3
trail,1,1
train,25,3
transaction,1,1
transfer,2,2
transit,1,1
transport,3,3
travel,3,2
travels,2,1
tray,2,2
treasure,1,1
treat,4,2
trek,1,1
tremendous,2,1
trend,2,1
trent,1,1
trial,1,1
trick,3,3
trickle,1,1
trifecta,1,1
trigger,1,1
trim,1,1
trip,5,3
trivializing,1,1
trouble,3,3
truck,1,1
true,31,8
trust,9,4
try,83,8
trying,1,1
tub,2,2
tuck,1,1
tune,8,3
tupperware,11,2
turn,31,7
tux,1,1
tv,7,2
twenty,4,3
twice,5,4
twin,1,1
twining,2,1
twitter,7,6
two,79,8
type,14,8
typed,1,1
typically,2,2
typo,1,1
typographical,2,1
uber,4,1
uh,114,6
ukridge,1,1
ultimately,9,8
um,169,8
umbrella,16,1
umm,1,1
umpire,2,1
unable,1,1
unassume,1,1
unbelievable,10,5
unbelievably,1,1
uncharted,1,1
uncle,1,1
uncomfortable,8,3
uncommon,1,1
underfoot,1,1
underneath,9,3
underpant,1,1
understand,40,8
understandable,1,1
understanding,2,2
understood,1,1
underwear,2,2
unequivocally,1,1
unesco,1,1
unexpected,1,1
unfair,1,1
unfamiliar,1,1
unfortunately,3,2
unhealthy,1,1
uni,1,1
uninteresting,1,1
uniquely,1,1
unite,1,1
university,2,1
unjustifiable,1,1
unkempt,1,1
unless,4,3
unlike,1,1
unload,1,1
unlock,1,1
unlocked,1,1
unmute,1,1
unnatural,1,1
unnecessary,1,1
unpack,1,1
unplugged,1,1
unravel,1,1
unremarkable,2,1
update,1,1
upgrade,1,1
upload,1,1
upon,2,1
upper,1,1
upset,2,2
upside,1,1
upsized,1,1
upstairs,2,1
upwards,1,1
urine,1,1
url,3,1
us,8,7
usb,6,1
usbs,1,1
use,122,8
useage,1,1
used,4,3
useless,1,1
usual,1,1
usually,16,5
utilize,1,1
vac,2,2
vacuum,3,2
vacuumed,1,1
vain,1,1
validating,1,1
valuable,2,1
value,5,1
van,1,1
vanessa,2,1
vanish,1,1
variable,2,2
variant,2,2
variety,3,3
vaulting,1,1
vcr,1,1
vegan,2,1
vegemite,1,1
vegetable,2,2
vegetarian,2,2
veggie,1,1
velocity,1,1
velvet,1,1
vendor,1,1
venetian,1,1
ver,1,1
vera,1,1
verse,1,1
versed,1,1
version,6,4
versus,2,2
vertically,1,1
vest,1,1
veterinarian,1,1
via,6,5
vibrant,1,1
victoria,1,1
victorian,2,1
video,27,4
video_call,5,1
video_calls,2,1
vietnam,1,1
view,5,4
vigorously,1,1
villain,1,1
vip,1,1
viper,1,1
virgin,1,1
virtual,1,1
virtually,2,2
virus,7,1
vision,2,2
visit,3,2
visitation,1,1
visitor,3,2
visual,2,2
visualize,2,1
visually,2,2
vive,1,1
vivid,2,1
vo,1,1
vocabulary,1,1
vodka,7,2
vogel,1,1
voice,3,2
voicemail,1,1
volume,1,1
volvo,1,1
voucher,4,1
vpn,2,1
vulcans,1,1
wade,1,1
wagging,1,1
wait,50,8
wait_wait,3,3
waiter,1,1
waiting,2,2
waitress,1,1
waitstaff,1,1
waiver,1,1
wake,5,3
walk,28,7
wall,11,5
wallowing,1,1
wanna,7,3
want,264,8
warm,12,5
warmth,2,1
warn,2,2
warner,1,1
warrior,1,1
wary,1,1
wash,20,5
washes,1,1
washing,6,2
washington,1,1
waste,5,3
watch,54,8
water,33,7
waterproof,1,1
watt,1,1
wave,1,1
wavy,1,1
way,87,8
wbu,1,1
weak,2,2
wear,59,5
weather,8,4
web,1,1
webcam,3,3
website,1,1
wedding,4,2
wednesday,6,4
weed,1,1
week,108,8
weekend,2,2
weekly,2,2
weight,4,3
weighty,1,1
weird,9,5
weiutv,1,1
welcome,48,8
well,237,8
west,1,1
wet,15,5
whack,1,1
whatever,15,7
whatnot,1,1
whatsapp,2,1
wheat,1,1
wheel,1,1
whenever,4,2
whereas,5,3
wherever,1,1
whether,18,7
whilst,2,2
whim,1,1
whine,1,1
whip,2,2
whistle,1,1
white,9,6
whitie,1,1
whoever,1,1
whole,32,8
whose,4,3
wide,5,3
wife,1,1
wikipedia,3,1
wild,1,1
willing,1,1
win,14,5
wind,3,2
window,10,4
windscreen,1,1
wine,3,2
wing,4,1
winner,4,2
winnie,1,1
winos,1,1
winter,4,3
wintertime,1,1
wipe,5,2
wire,1,1
wireless,6,1
wise,1,1
wish,3,2
within,4,4
without,12,5
witness,2,1
woman,3,2
wonder,14,7
wonderful,4,3
wondering,1,1
wood,1,1
woody,1,1
wool,8,1
woolen,2,1
woolly,2,1
word,19,6
wording,1,1
work,77,8
worker,3,2
working,2,1
world,16,5
worm,1,1
worried,6,4
worry,20,7
worst,1,1
worth,7,5
worthwhile,1,1
would,152,8
would_love,13,6
wow,8,2
wrap,21,5
wrapping,3,2
wreck,3,3
write,46,7
writing,5,3
wrong,13,6
www,2,2
xenon,1,1
xin,1,1
ya,3,2
yeah,573,8
year,26,7
year_supply,13,1
yearly,1,1
years_ago,6,6
yell,1,1
yellow,2,2
yep,11,7
yes,86,8
yesterday,1,1
yet,15,8
yo,1,1
yorick,1,1
young,6,3
younger,1,1
youngin,1,1
yous,1,1
youtube,26,7
youtube_channel,13,6
youtube_chat,12,5
youtube_com,8,4
youtube_live,25,7
zap,2,1
zapped,2,1
zener,1,1
zero,5,4
zin,1,1
zine,1,1
zip,2,1
zipper,1,1
zips,1,1
zone,2,2
zoo,1,1
zoom,15,5
zoom_call,12,6
zoro,1,1